<?xml version="1.0"?>
<!DOCTYPE hibernate-mapping PUBLIC "-//Hibernate/Hibernate Mapping DTD 3.0//EN"
"http://www.hibernate.org/dtd/hibernate-mapping-3.0.dtd">
<!-- Generated 02-jun-2020 18:33:10 by Hibernate Tools 4.3.5.Final -->
<hibernate-mapping>
    <class name="hibernate.Clientes" table="clientes" catalog="clientes_uf2" optimistic-lock="version">
        <id name="idcliente" type="java.lang.Integer">
            <column name="IDCLIENTE" />
            <generator class="identity" />
        </id>
        <property name="nombre" type="string">
            <column name="NOMBRE" length="50" not-null="true" />
        </property>
        <property name="direccion" type="string">
            <column name="DIRECCION" length="50" />
        </property>
        <property name="poblacion" type="string">
            <column name="POBLACION" length="50" />
        </property>
        <property name="telefono" type="string">
            <column name="TELEFONO" length="20" />
        </property>
        <property name="nif" type="string">
            <column name="NIF" length="10" />
        </property>
        <set name="ventases" table="ventas" inverse="true" lazy="true" fetch="select">
            <key>
                <column name="IDCLIENTE" not-null="true" />
            </key>
            <one-to-many class="hibernate.Ventas" />
        </set>
    </class>
</hibernate-mapping>
